Language,ISO,Country
Aasáx,aas,Tanzania
Boni,bob,Kenya
Boon,bnl,Somalia
Dahalo,dal,Kenya
Elmolo,elo,Kenya
Sanye ~ Waata,ssn,Kenya
Yaaku,muu,Kenya
Asoa,asv,DRC
Efe,efe,DRC
Aramanik,aam,Tanzania
Kisankasa,kqh,Tanzania
Mosiro,mwy,Tanzania
Mediak,mwx,Tanzania
"Okiek, Sogoo",oki,Kenya
Omotik (Datooga),omt,Kenya
Koegu,xwg,Ethiopia
Hadza,hts,Tanzania
Kujarge,vkj,Chad
Gǀui,gwj,Botswana
Gǁana,gnk,Botswana
Haiǁom,hgm,Namibia
Khwe,xuu,"Botswana, Namibia"
Kua,tyu,Botswana
Naro,nhr,Botswana
Shua,shg,Botswana
Tyua,hio,Botswana
ǁAni,hnh,Botswana
Juǀ'hoan,ktz,"Namibia, Botswana"
Kung-Ekoka,knw,Namibia
Maligo,mwj,Angola
Vasekela Bushman,vaj,Angola
ǃOǃung,oun,"Namibia, Angola"
ǂHoan,huc,Botswana
ǂKx'auǁ'ein,aue,"Namibia, Botswana"
Yaka ~ Aka,axk,"CAR, Congo"
Baka,bkc,Cameroon
Ongota ~ Birale,bxe,Ethiopia
Sandawe,sad,Tanzania
Shabo ~ Mikeyir,sbf,Ethiopia
Nǀuu ~ Nǁng,ngh,South Africa
Seroa,kqu,South Africa
ǀHaasi,No code,"South Africa, Botswana"
ǀXam,xam,South Africa
ǀ'Auni,No code,"South Africa, Botswana"
ǃXóõ ~ Taa,nmn,"Botswana, Namibia"
ǂUngkwe,No code,South Africa
ǁXegwi,xeg,South Africa
Batek (Semang),btq,Malaysia
Jehai (Semang),jhi,Malaysia
Kensiu (Semang),kns,Malaysia
Kintaq (Semang),knq,Malaysia
Lanoh (Semang),lnh,Malaysia
Minriq (Semang),mnq,Malaysia
Mintil (Semang),mzt,Malaysia
Sabüm (Semang),sbo,Malaysia
Semaq Beri,szc,Malaysia
Semnam (Semang),ssm,Malaysia
Tea-de (Semang),No code,Malaysia
Tonga (Ten'en) (Semang),tnz,Thailand
Blang,blr,"China, Myanmar, Thailand"
Chut ~ Ruc/May,scb,"Vietnam, Laos"
"Lawa, Western",lcp,"China, Thailand"
Mlabri (Minor),mra,Thailand
Pnar,pbv,India
Birhor,biy,India
Juang,jun,India
Moken (Mergui sea nomads),mwt,"Myanmar, Thailand"
Urak Lawoi',urk,Thailand
"Agta, Isarog",agk,Philippines
"Agta, Mt. Iraya",atl,Philippines
"Agta, Mt. Iriga",agz,Philippines
Ata,atm,Philippines
Ati,atk,Philippines
"Ayta, Sorsogon",ays,Philippines
"Ayta, Tayabas",ayy,Philippines
Batak,bya,Philippines
Mamanwa,mmn,Philippines
"Agta, Alabat Island",dul,Philippines
"Agta, Camarines Norte",abd,Philippines
"Agta, Casiguran Dumagat",dgc,Philippines
"Agta, Central Cagayan",agt,Philippines
"Agta, Dicamay",duy,Philippines
"Agta, Dupaninan",duo,Philippines
"Agta, Remontado",agv,Philippines
"Agta, Umiray Dumaget",due,Philippines
"Agta, Villa Viciosa",dyg,Philippines
"Alta, Northern",aqn,Philippines
"Alta, Southern",agy,Philippines
Arta,atz,Philippines
"Atta, Faire",azt,Philippines
"Atta, Pamplona",att,Philippines
"Atta, Pudtol",atp,Philippines
"Ayta, Abenlen",abp,Philippines
"Ayta, Ambala",abc,Philippines
"Ayta, Bataan",ayt,Philippines
"Ayta, Mag-Anchi",sgb,Philippines
"Ayta, Mag-Indi",blx,Philippines
Paranan,agp,Philippines
"Sambal, Botolan",sbl,Philippines
Punan Bah-Biau,pna,Malaysia
Punan Batu 1,pnm,Malaysia
"Penan, Eastern",pez,"Malaysia, Brunei"
"Penan, Western",pne,"Malaysia, Brunei"
"Manobo, Ata",atd,Philippines
Chenchu,cde,India
Cholanaikan (mix of Kannada-Tamil),No code,India
Irula (snake/rat catchers),iru,India
Kadar,kej,India
Kaikadi,kep,India
Kanikkaran,kef,India
Kurux,kru,India
"Kurumba, Alu",xua,India
"Kurumba, Jennu (Nayaka)",xuj,India
Malapandaram (Hill Pand.),mjp,India
Malavedan,mjr,India
Muthuvan (forager-trader),muv,India
Paliyan (forager-trader),pcf,India
Sholaga,sle,India
"Telugu, Yanadi",tel,India
Aka-Bea,abj,India
Aka-Bo,akm,India
Aka-Cari,aci,India
Aka-Jeru,akj,India
Aka-Kede,akx,India
Aka-Kol,aky,India
Aka-Kora,ack,India
Akar-Bale,acl,India
A-Pucikwar,apq,India
Oko-Juwoi,okj,India
Harauti,hoj,India
Kharia Thar,ksy,India
Sadri Oraon,sdr,India
Veddah (Wanniyala-aetto),ved,Sri Lanka
Kusunda,kgg,Nepal
Jarawa,anq,India
Onge,oon,India
Sentinel,std,India
Shom Peng,sii,India
Darang Deng,dat,China
Drung ~ Dulong,duu,China
Geman Deng,gen,China
"Jinuo, Buyuan",jiy,China
"Jinuo, Youle",jiu,China
Kaike,kzq,Nepal
Lahu Shi ~ Kucong,kds,"China, Laos"
Raute,rau,Nepal
Sulung,suv,India
Abinomn,bsa,Indonesia (Papua)
Amto,amt,Papua New Guinea
Musan,mmp,Papua New Guinea
Arafundi,arf,Papua New Guinea
"Bajau, Indonesian (Orang Laut)",bdl,Indonesia (Sulawesi)
Biak,bhw,Indonesia (Papua)
Huaulu,hud,Indonesia (Maluku)
"Lauje, Sinalutan",law,Indonesia (Sulawesi)
Loncong (Orang Laut),lce,Indonesia (Sumatra)
Manusela ~ Maneo,wha,Indonesia (Maluku)
Maori,mri,New Zealand
Taliabu,tlv,Indonesia (Maluku)
Titan,ttv,Papua New Guinea
Toala',tlz,Indonesia (Sulawesi)
Tugutil,tuj,Indonesia (Maluku)
Waropen,wrp,Indonesia (Papua)
Aekyom,awi,Papua New Guinea
Kamula,xla,Papua New Guinea
Pare,ppt,Papua New Guinea
Baibai,bbf,Papua New Guinea
Nai,bio,Papua New Guinea
Awbono,awh,Indonesia (Papua)
Bayono,byl,Indonesia (Papua)
Kimki,sbt,Indonesia (Papua)
Yetfa,yet,Indonesia (Papua)
Aimele,ail,Papua New Guinea
Beami,beo,Papua New Guinea
Dibiyaso,dby,Papua New Guinea
Edolo,etr,Papua New Guinea
Kaluli,bco,Papua New Guinea
Kasua,khs,Papua New Guinea
Onobasulu,onn,Papua New Guinea
Sonia,sig,Papua New Guinea
Maklew,mgf,Indonesia (Papua)
Yelmek,jel,Indonesia (Papua)
Burmeso ~ Taurap,bzu,Indonesia (Papua)
Damal ~ Uhunduni,uhn,Indonesia (Papua)
Doso,dol,Papua New Guinea
Bine,bon,Papua New Guinea
Gizrra,tof,Papua New Guinea
Meriam,ulk,Australia
Wipi,gdr,Papua New Guinea
Anasi,bpo,Indonesia (Papua)
Barapasi,brp,Indonesia (Papua)
Bauzi,bvz,Indonesia (Papua)
Burate,bti,Indonesia (Papua)
Demisa,dei,Indonesia (Papua)
Kofei,kpi,Indonesia (Papua)
Nisa,njs,Indonesia (Papua)
Sauri,srt,Indonesia (Papua)
Tefaro,tfo,Indonesia (Papua)
Tunggare,trt,Indonesia (Papua)
Woria,wor,Indonesia (Papua)
Elseng ~ Morwap,mrf,Indonesia (Papua)
Ari,aac,Papua New Guinea
Gogodala,ggw,Papua New Guinea
Suki,sui,Papua New Guinea
Waruna,wrv,Papua New Guinea
Duriankere,dbn,Indonesia (Papua)
Suabo,szp,Indonesia (Papua)
Karkar-Yuri,yuj,Papua New Guinea
Kapori,khp,Indonesia (Papua)
Kaure,bpp,Indonesia (Papua)
Kosadle,kiq,Indonesia (Papua)
Narau,nxu,Indonesia (Papua)
Atohwaim,aqm,Indonesia (Papua)
Kayagar,kyt,Indonesia (Papua)
Tamagario,tcg,Indonesia (Papua)
Kehu,khh,Indonesia (Papua)
Kembra,xkw,Indonesia (Papua)
Kibiri ~ Porome,prm,Papua New Guinea
Bamu,bcf,Papua New Guinea
Kerewo,kxz,Papua New Guinea
"Kiwai, Northeast",kiw,Papua New Guinea
"Kiwai, Southern",kjd,Papua New Guinea
Morigi,mdb,Papua New Guinea
Waboda,kmx,Papua New Guinea
Barai,bbb,Papua New Guinea
Ese,mcq,Papua New Guinea
"Koiali, Mountain",kpx,Papua New Guinea
"Koiari, Grass",kbk,Papua New Guinea
Koitabu,kqi,Papua New Guinea
Namiae,nvm,Papua New Guinea
Ömie,aom,Papua New Guinea
Konda,knd,Indonesia (Papua)
Yahadian,ner,Indonesia (Papua)
Airoran,air,Indonesia (Papua)
Bagusa,bqb,Indonesia (Papua)
Isirawa,srl,Indonesia (Papua)
Kauwera,xau,Indonesia (Papua)
Kwerba,kwe,Indonesia (Papua)
Kwerba Mamberamo,xwr,Indonesia (Papua)
Samarokena,tmj,Indonesia (Papua)
Trimuris,tip,Indonesia (Papua)
Fas,fqs,Papua New Guinea
Guriaso,grx,Papua New Guinea
Kwomtari,kwo,Papua New Guinea
Awera,awr,Indonesia (Papua)
Biritai,bqq,Indonesia (Papua)
Doutai,tds,Indonesia (Papua)
Duvle,duv,Indonesia (Papua)
Edopi,dbf,Indonesia (Papua)
Eritai,ert,Indonesia (Papua)
Fayu,fau,Indonesia (Papua)
Foau,flh,Indonesia (Papua)
Iau,tmu,Indonesia (Papua)
Kaiy,tcq,Indonesia (Papua)
Kirikiri,kiy,Indonesia (Papua)
Kwerisa,kkb,Indonesia (Papua)
Obokuitai,afz,Indonesia (Papua)
Papasena,pas,Indonesia (Papua)
Rasawa,rac,Indonesia (Papua)
Saponi,spi,Indonesia (Papua)
Sikaritai,tty,Indonesia (Papua)
Tause,tad,Indonesia (Papua)
Taworta,tbp,Indonesia (Papua)
Waritai,wbe,Indonesia (Papua)
Ama ~ Sawiyano,amm,Papua New Guinea
Bo,bpw,Papua New Guinea
Iteri,itr,Papua New Guinea
Nakwi,nax,Papua New Guinea
Nimo,niw,Papua New Guinea
Owiniga,owi,Papua New Guinea
Lepki,lpe,Indonesia (Papua)
Warembori,wsa,Indonesia (Papua)
Yoke,yki,Indonesia (Papua)
Angoram,aog,Papua New Guinea
Chambri,can,Papua New Guinea
Kopar,xop,Papua New Guinea
Murik,mtf,Papua New Guinea
Tabriak,tzx,Papua New Guinea
Yimas,yee,Papua New Guinea
Abu,ado,Papua New Guinea
Aiome,aki,Papua New Guinea
Akrukay,afi,Papua New Guinea
Ambakich,aew,Papua New Guinea
Andarum,aod,Papua New Guinea
Anor,anj,Papua New Guinea
Ap Ma ~ Kambot,kbx,Papua New Guinea
Awar,aya,Papua New Guinea
Aruamu ~ Mikarew,msy,Papua New Guinea
Banaro,byz,Papua New Guinea
Bosngun,bgs,Papua New Guinea
Borei ~ Gamay,gai,Papua New Guinea
Breri,brq,Papua New Guinea
Gorovu,grq,Papua New Guinea
Igana,igg,Papua New Guinea
Inapang,mzu,Papua New Guinea
Itutang,itu,Papua New Guinea
Kaian,kct,Papua New Guinea
Kanggape ~ Igom,igm,Papua New Guinea
Kire,geb,Papua New Guinea
Kominimung,xoi,Papua New Guinea
Rao,rao,Papua New Guinea
Romkun,rmk,Papua New Guinea
Sepen,spm,Papua New Guinea
Tanguat,tbs,Papua New Guinea
Tanggu,tgu,Papua New Guinea
Watam,wax,Papua New Guinea
Massep,mvs,Indonesia (Papua)
Molof,msl,Indonesia (Papua)
Langam,lnm,Papua New Guinea
Mongol,mgt,Papua New Guinea
Yaul,yla,Papua New Guinea
Mor,moq,Indonesia (Papua)
Morori,mok,Indonesia (Papua)
Murkim,rmh,Indonesia (Papua)
Gresi,grs,Indonesia (Papua)
Odiai ~ Busa,bhf,Papua New Guinea
Mian,mpt,Papua New Guinea
Agob,kit,Papua New Guinea
Idi,idi,Papua New Guinea
Papi,ppe,Papua New Guinea
Suarmin ~ Duranmin,seo,Papua New Guinea
Dubu,dmu,Indonesia (Papua)
Emumu,enr,Indonesia (Papua)
Towei,ttn,Indonesia (Papua)
Yafi,wfg,Indonesia (Papua)
Pawaian,pwa,Papua New Guinea
Haruai,tmd,Papua New Guinea
Pinai-Hagahai,pnn,Papua New Guinea
Pyu,pby,Papua New Guinea
Anggor,agg,Papua New Guinea
Dera,kbv,Indonesia (Papua)
Demta,dmy,Indonesia (Papua)
Nafri,nxx,Indonesia (Papua)
Sentani,set,Indonesia (Papua)
Tabla,tnm,Indonesia (Papua)
Abau,aau,Papua New Guinea
Amal,aad,Papua New Guinea
Iwam,iwm,Papua New Guinea
"Iwam, Sepik",iws,Papua New Guinea
Ambulas,abt,Papua New Guinea
Boikin,bzf,Papua New Guinea
Burui,bry,Papua New Guinea
Gaikundi,gbf,Papua New Guinea
Hanga Hundi,wos,Papua New Guinea
Iatmul,ian,Papua New Guinea
Koiwat,kxt,Papua New Guinea
Malinguat ~ Sawos,sic,Papua New Guinea
Manambu,mle,Papua New Guinea
Ngala,nud,Papua New Guinea
Sengo,spk,Papua New Guinea
Yelogu ~ Kaunga,ylg,Papua New Guinea
Kwanga,kwj,Papua New Guinea
Kwoma,kmo,Papua New Guinea
Mende,sim,Papua New Guinea
Awtuw,kmn,Papua New Guinea
Karawa,xrw,Papua New Guinea
Pouye,bye,Papua New Guinea
Alamblak,amp,Papua New Guinea
Bahinemo,bjh,Papua New Guinea
Berinomo,bit,Papua New Guinea
Bikaru,bic,Papua New Guinea
Bisis,bnw,Papua New Guinea
Hewa,ham,Papua New Guinea
Kaningra,knr,Papua New Guinea
Kapriman ~ Sare,dju,Papua New Guinea
Mari,mbx,Papua New Guinea
Niksek,gbe,Papua New Guinea
Piame,pin,Papua New Guinea
Saniyo-Hiyewe,sny,Papua New Guinea
Sumariup,siv,Papua New Guinea
Watakatauwi,wtk,Papua New Guinea
Ayi,ayq,Papua New Guinea
Kalou,ywa,Papua New Guinea
Mehek,nux,Papua New Guinea
Pahi,lgt,Papua New Guinea
Pasi,psq,Papua New Guinea
Yessan-Mayo,yss,Papua New Guinea
Chenapian,cjn,Papua New Guinea
Wogamusin,wog,Papua New Guinea
Ak,akq,Papua New Guinea
Awun,aww,Papua New Guinea
Namia,nnm,Papua New Guinea
Yerakai,yra,Papua New Guinea
Krisa,ksi,Papua New Guinea
Puari,pux,Papua New Guinea
Rawo,rwa,Papua New Guinea
Skou,skv,Indonesia (Papua)
Vanimo ~ Dumo,vam,Papua New Guinea
Warapu,wra,Papua New Guinea
Wutung,wut,Papua New Guinea
Arandai,jbj,Indonesia (Papua)
Kaburi,uka,Indonesia (Papua)
Kais,kzm,Indonesia (Papua)
Kemberano,bzp,Indonesia (Papua)
Kokoda,xod,Indonesia (Papua)
Puragi,pru,Indonesia (Papua)
Tabo ~ Waya,knv,Papua New Guinea
Taiap ~ Gapun,gpn,Papua New Guinea
Tanahmerah,tcm,Indonesia (Papua)
Abom,aob,Papua New Guinea
Baramu,bmz,Papua New Guinea
Bitur,mcc,Papua New Guinea
Makayam,aup,Papua New Guinea
Were,wei,Papua New Guinea
Tofamna,tlg,Indonesia (Papua)
Berik (Tor),bkl,Indonesia (Papua)
?Betaf,bfe,Indonesia (Papua)
Bonerif,bnv,Indonesia (Papua)
Dabe,dbe,Indonesia (Papua)
Itik,itx,Indonesia (Papua)
Keder,kdy,Indonesia (Papua)
Kwesten,kwt,Indonesia (Papua)
Mander,mqr,Indonesia (Papua)
Maremgi,mrx,Indonesia (Papua)
Mawes,mgk,Indonesia (Papua)
Orya,ury,Indonesia (Papua)
Sause,sao,Indonesia (Papua)
Wares,wai,Indonesia (Papua)
Au,avt,Papua New Guinea
"One, Inebu",oin,Papua New Guinea
"One, Kabore",onk,Papua New Guinea
"One, Kwamtim",okk,Papua New Guinea
"One, Molmo",aun,Papua New Guinea
"One, Northern",onr,Papua New Guinea
"One, Southern",osu,Papua New Guinea
"Citak, Tamnim",tml,Indonesia (Papua)
Asmat (Central),cns,Indonesia (Papua)
Asmat (Casuarina Coast),asc,Indonesia (Papua)
Asmat (North),nks,Indonesia (Papua)
"Kamoro (Mimika, western)",kgq,Indonesia (Papua)
"Awyu, Central",awu,Indonesia (Papua)
"Awyu, Jair",awv,Indonesia (Papua)
"Awyu, South (Siagha-Yenimu)",aws,Indonesia (Papua)
Kombai,tyn,Indonesia (Papua)
Sawi,saw,Indonesia (Papua)
Tsakwambo,kvz,Indonesia (Papua)
Wanggom,wng,Indonesia (Papua)
Kaki Ae (?isolate),tbd,Papua New Guinea
Keuru,xeu,Papua New Guinea
Opao,opo,Papua New Guinea
Orokolo,oro,Papua New Guinea
Purari ~ Koriki,iar,Papua New Guinea
Tairuma,uar,Papua New Guinea
Toaripi,tqo,Papua New Guinea
Kuni-Boazi,kvg,Papua New Guinea
Marind,mrz,Indonesia (Papua)
"Marind, Bian",bpv,Indonesia (Papua)
Warkay-Bipim,bgv,Indonesia (Papua)
Yaqay,jaq,Indonesia (Papua)
Zimakani,zik,Papua New Guinea
Turumsa,tqm,Papua New Guinea
Usku,ulf,Indonesia (Papua)
Pei,ppq,Papua New Guinea
Tuwari,tww,Papua New Guinea
Walio,wla,Papua New Guinea
Yawiyo,ybx,Papua New Guinea
Wano,wno,Indonesia (Papua)
Yale ~ Nagatman,nce,Papua New Guinea
Biwat,bwm,Papua New Guinea
Bun,buv,Papua New Guinea
Changriwa,cga,Papua New Guinea
Kyenele ~ Miyak,kql,Papua New Guinea
Maramba,myd,Papua New Guinea
Mekmek,mvk,Papua New Guinea
Anindilyakwa,aoi,Australia
Giyug,giy,Australia
Wadjiginy,wdj,Australia
Bunaba,bck,Australia
Gooniyandi,gni,Australia
Kamu,xmu,Australia
Madngele,zml,Australia
Gagadu,gbu,Australia
Garawa,gbc,Australia
Erre,err,Australia
Mangerr,zme,Australia
Urningangg,urc,Australia
Djauan,djn,Australia
Gunwinggu,gup,Australia
Kunbarlang,wlg,Australia
Ngalakan,nig,Australia
Ngalkbun,ngk,Australia
Ngandi,nid,Australia
Nunggubuyu,nuy,Australia
Rembarunga,rmb,Australia
Waray,wrz,Australia
Amarag,amg,Australia
Garig-Ilgar,ilg,Australia
Iwaidja,ibd,Australia
Manangkari,znk,Australia
Maung,mph,Australia
Gadjerawang,gdh,Australia
Kitja,gia,Australia
Miriwung,mep,Australia
Kungarakany,ggk,Australia
Laragia,lrg,Australia
Limilngan,lmc,Australia
Wulna,wux,Australia
Alawa,alh,Australia
Mangarayi,mpc,Australia
Mara,mec,Australia
Wandarang,wnd,Australia
Burarra,bvr,Australia
Djeebbana,djj,Australia
Guragone,gge,Australia
Nakara,nck,Australia
Margu,mhg,Australia
Wurrugu,wur,Australia
Ganggalida,gcd,Australia
Kayardild,gyd,Australia
Minkin,No code,Australia
Nyangga,nny,Australia
Djamindjung,djd,Australia
Djingili,jig,Australia
Gudanji,nji,Australia
Nungali,nug,Australia
Wambaya,wmb,Australia
Mullukmulluk,mpb,Australia
Tyaraity,woa,Australia
Bardi,bcj,Australia
Djawi,djw,Australia
Dyaberdyaber,dyb,Australia
Dyugun,dyd,Australia
Nimanbur,nmp,Australia
Nyigina,nyh,Australia
Nyulnyul,nyv,Australia
Warrwa,wwr,Australia
Yawuru,ywr,Australia
Adynyamathanha,adt,Australia
Aghu Tharnggalu,ggr,Australia
Alngith,aid,Australia
Alyawarr,aly,Australia
Andegerebinha,adg,Australia
Anmatyerre,amx,Australia
Antakarinya,ant,Australia
Arabana,ard,Australia
Areba,aea,Australia
"Arrarnta, Western",are,Australia
"Arrernte, Eastern",aer,Australia
Atampaya,amz,Australia
Awabakal,awk,Australia
Ayabadhu,ayd,Australia
Badimaya,bia,Australia
Bandjalang,bdy,Australia
Bandjigali,bjd,Australia
Banggarla,bjb,Australia
Barrow Point,bpt,Australia
Bayali,bjy,Australia
Bayungu,bxj,Australia
Bidyara,bym,Australia
Biri,bzr,Australia
Burduna,bxn,Australia
Darling,drl,Australia
Dayi,dax,Australia
Dhalandji,dhl,Australia
Dhangu,dhg,Australia
Dhargari,dhr,Australia
Dhurga,dhu,Australia
Dhuwal,duj,Australia
Dieri,dif,Australia
Dirari,dit,Australia
Djambarrpuyngu,djr,Australia
Djangun,djf,Australia
Djinang,dji,Australia
Djinba,djb,Australia
Djiwarli,djl,Australia
Dyaabugay,dyy,Australia
Dyangadi,dyn,Australia
Dyirbal,dbl,Australia
Flinders Island,fln,Australia
Gamilaraay,kld,Australia
Gangulu,gnl,Australia
Gugadj,ggd,Australia
Gugu Badhun,gdc,Australia
Gugu Warra,wrw,Australia
Gugubera,kkp,Australia
Guguyimidjir,kky,Australia
Gumatj,gnn,Australia
Gungabula,gyf,Australia
Gunya,gyy,Australia
Gupapuyngu,guf,Australia
Gurdjar,gdj,Australia
Gureng Gureng,gnr,Australia
Gurinji,gue,Australia
Guwamu,gwu,Australia
Guyani,gvy,Australia
Jarnango,jay,Australia
Jaru,ddj,Australia
Kala Lagaw Ya,mwp,Australia
Kalarko,kba,Australia
Kalkutung,ktg,Australia
Kanju,kbe,Australia
Karadjeri,gbd,Australia
Kariyarra,vka,Australia
Kaytetye,gbb,Australia
Kokata,ktd,Australia
Kukatja,kux,Australia
Kuku-Mangk,xmq,Australia
Kuku-Mu'inh,xmp,Australia
Kuku-Muminh,xmh,Australia
Kuku-Ugbanh,ugb,Australia
Kuku-Uwanh,uwa,Australia
Kuku-Yalanji,gvn,Australia
Kumbainggar,kgs,Australia
Kunggara,kvs,Australia
Kunggari,kgl,Australia
Kunjen,kjn,Australia
Kurrama,vku,Australia
Kuthant,xut,Australia
Kuuku-Ya'u,kuy,Australia
Lamu-Lamu,lby,Australia
Lardil,lbz,Australia
Leningitij,lnj,Australia
Malgana,vml,Australia
Mandandanyi,zmk,Australia
Mangala,mem,Australia
Margany,zmc,Australia
Martu Wangka,mpj,Australia
Martuyhunira,vma,Australia
Mayaguduna,xmy,Australia
Maykulan,mnt,Australia
Mbabaram,vmb,Australia
Mbara,mvl,Australia
Mbariman-Gudhinma,zmv,Australia
Mudbura,mwd,Australia
Muluridyi,vmu,Australia
Muruwari,zmu,Australia
Narrinyeri,nay,Australia
Narungga,nnr,Australia
Ngaanyatjarra,ntj,Australia
Ngadjunmaya,nju,Australia
Ngamini,nmv,Australia
Nganyaywana,nyx,Australia
Ngarinman,nbj,Australia
Ngarla,nlr,Australia
Ngarluma,nrl,Australia
Ngawun,nxn,Australia
Ngura,nbx,Australia
Nhuwala,nhf,Australia
Nijadali,nad,Australia
Nugunu,nnv,Australia
Nyamal,nly,Australia
Nyangumarta,nna,Australia
Nyawaygi,nyt,Australia
Nyunga,nys,Australia
Pakanha,pkn,Australia
Panytyima,pnw,Australia
Pini,pii,Australia
Pinigura,pnv,Australia
Pintiini,pti,Australia
Pintupi-Luritja,piu,Australia
Pirlatapa,bxi,Australia
Pitjantjatjara,pjt,Australia
Pitta Pitta,pit,Australia
Ritarungo,rit,Australia
Thayore,thd,Australia
Thaypan,typ,Australia
Thurawal,tbh,Australia
Tjurruru,tju,Australia
Umbindhamu,umd,Australia
Umbuygamu,umg,Australia
Umpila,ump,Australia
Uradhi,urf,Australia
Wadjigu,wdu,Australia
Wagaya,wga,Australia
Wajarri,wbv,Australia
Wakawaka,wkw,Australia
Walmajarri,wmt,Australia
Wamin,wmi,Australia
Wangaaybuwan-Ngiyambaa,wyb,Australia
Wanggamala,wnm,Australia
Wangganguru,wgg,Australia
Wanman,wbt,Australia
Wariyangga,wri,Australia
Warlmanpa,wrl,Australia
Warlpiri,wbp,Australia
Warluwara,wrb,Australia
Warrgamay,wgy,Australia
Warumungu,wrm,Australia
Warungu,wrg,Australia
Wik-Epa,wie,Australia
Wik-Iiyanh,wij,Australia
Wik-Keyangan,wif,Australia
Wik-Me'anha,wih,Australia
Wik-Mungkan,wim,Australia
Wik-Ngathana,wig,Australia
Wikalkan,wik,Australia
Wikngenchera,wua,Australia
Wiradhuri,wrh,Australia
Wirangu,wiw,Australia
Worimi,kda,Australia
Wuliwuli,wlu,Australia
Yalarnnga,ylr,Australia
Yandruwandha,ynd,Australia
Yankunytjatjara,kdd,Australia
Yanyuwa,jao,Australia
Yawarawarga,yww,Australia
Yidiny,yii,Australia
Yindjibarndi,yij,Australia
Yindjilandji,yil,Australia
Yinggarda,yia,Australia
Yir Yoront,yiy,Australia
Yugambal,yub,Australia
Murrinh-Patha,mwf,Australia
Nangikurrunggurr,nam,Australia
Tiwi,tiw,Australia
Ngurmbur,nrx,Australia
Umbugarla,umr,Australia
Wageman,waq,Australia
Ami,amy,Australia
Manda,zma,Australia
Maranunggu,zmr,Australia
Maridan,zmd,Australia
Maridjabin,zmj,Australia
Marimanindji,zmm,Australia
Maringarr,zmt,Australia
Marithiel,mfr,Australia
Mariyedi,zmy,Australia
Marti Ke,zmg,Australia
Gambera,gma,Australia
Kwini,gww,Australia
Miwa,vmi,Australia
Ngarinyin,ung,Australia
Wilawila,wil,Australia
Worora,unp,Australia
Wunambal,wub,Australia
Dagoman,dgn,Australia
Wardaman,wrr,Australia
Yangman,jng,Australia
Big River,No Code,Australia
Little Swanport,No Code,Australia
Oyster Bay,No Code,Australia
Ben Lomond,No Code,Australia
Cape Portland,No Code,Australia
Piper River,No Code,Australia
Ainu,ain,Japan
Alutor,alr,Russia
Chukot,ckt,Russia
Itelmen,itl,Russia
Kerek,krk,Russia
Koryak,kpy,Russia
Gilyak ~ Nivkh,niv,Russia
Even,eve,Russia
Evenki,evn,Russia
Nanai,gld,Russia
Negidal,neg,Russia
Oroch,oac,Russia
Orok,oaa,Russia
Udihe,ude,Russia
Ulcha,ulc,Russia
Dolgan,dlg,Russia
Tofa (Karagas),kim,Russia
Khanty,kca,Russia
Mansi,mns,Russia
Nenets (Forest),No code,Russia
Nenets (Tundra),yrk,Russia
Nganasan,nio,Russia
Selkup,sel,Russia
Ket,ket,Russia
Kott,No code,Russia
Yugh,yuu,Russia
Yukaghir (Kolyma),yux,Russia
Yukagir (Tundra),ykg,Russia
"Abnaki, Eastern",aaq,
"Abnaki, Western",abe,
Algonquin,alq,
Arapaho,arp,
Atikamekw,atj,
Blackfoot,bla,
Carolina Algonquian,crr,
Cheyenne,chy,
Chippewa (Red Lake and Pillager),ciw,
Cree (Moose),crm,
Cree (Plains),crk,
Cree (Swampy),csw,
Cree (Woods),cwd,
East Cree (Northern),crl,
East Cree (Southern),crj,
"Fox, Mesquakie",sac,
Gros Ventre,ats,
"Illinois, Miami",mia,
Kickapoo,kic,
Lumbee,lmz,
Mahican,mjy,USA
Malecite-Passamaquoddy,pqm,
Massachusett,wam,
Menomini,mez,
Miami,mia,
Michif,crg,
Micmac,mic,
Mohegan-Montauk-Narragansett,mof,
Montagnais,moe,
Munsee,umu,
Nanticoke,nnt,
Naskapi,nsk,
Nawathinehena,nwa,
Ojibwa (Central),ojc,
Ojibwa (Eastern),ojg,
Ojibwe (Northwestern),ojb,
Ojibwa (Severn),ojs,
Ojibwa (Western),ojw,
Ottawa,otw,
Passamquoddy,pqm,
Piscataway,psy,
Potawatomi,pot,
Powhatan,pim,
Shawnee,sjw,
Unami,unm,
Wampanoag,wam,
Wiyot,wiy,
Yurok,yur,
Alsea,aes,
Atakapa,aqp,
Beothuk,bue,
Karkin,krb,
Miwok (Bay),mkq,
Miwok (Bodega ~ Coast),csi,
Miwok (Central Sierra),csm,
Miwok (Lake),lmw,
Miwok (Northern Sierra),nsq,
Miwok (Plains),pmw,
Miwok (Southern Sierra),skd,
Ohlone (Northern) ~ Costanoan,cst,
Ohlone (Southern) ~ Mutsun,css,
Cayuse,xcy,
Chemakum,cmk,
Quileute,qui,
Chimariko,cid,
Chitimacha,ctm,
Chinook (Lower),chh,
Wasco-Wishram,wac,
Barbareño,boi,
Chumash,chs,
Cruzeño,crz,
Ineseño,inz,
Obispeño,obi,
Purisimeño,puy,
Ventureño,veo,
Coahuilteco,xcw,USA
Comecrudo,xcm,USA
Hanis (Coos),csz,
Cotoname,xcn,
Aleut,ale,"USA, Russia"
Greenlandic,kal,Denmark
Inuktitut (Eastern Canadian),ike,Canada
Inuktitut (Western Canadian),ikt,Canada
Iñupiaq (North Alaskan),esi,USA
Iñupiaq (Northwest Alaskan),esk,USA
Yup’ik (Central),esu,
Yup’ik (Naukan),ynk,Russia
Yup’ik (Pacific Gulf),ems,
Yup’ik (Siberian),ess,"USA, Russia"
Yup’ik (Sirenik),ysr,Russia
Esselen,esq,
Guaicurian,No code,Mexico
Haida (Southern),hax,
Haida (Northern),hdn,
Karankawa,zkk,
Karok,kyh,
Kiowa,kio,
Kutenai,kut,
Maratino,No code,Mexico
Molala,mbe,
Ahtena,aht,
Apache (Jicarilla),apj,
Apache (Kiowa),apk,
Apache (Lipan),apl,
Apache (Mescalero-Chiricahua),apm,
Apache (Western),apw,
Babine,bcr,
Beaver,bea,
Carrier,crx,
"Carrier, Southern",caf,
Chasta Costa,?cco,
Chetco,ctc,
Chilcotin,clc,
Chipewyan,chp,
Coquille,coq,
Degexit'an,ing,
Dogrib,dgr,
Eyak,eya,
Galice,gce,
Gwich'in,gwi,
Han,haa,
Holikachuk,hoi,
Hupa,hup,
Kaska,kkz,
Kato,ktw,
Koyukon,koy,
Kuskokwim (Upper),kuu,
Mattole,mvb,
Sarsi,srs,
Sekani,sek,
"Slavey, North",scs,
"Slavey, South",xsl,
Tagish,tgx,
Tahltan,tht,
Tanacross,tcb,
Tanaina,tfn,
Tanana (Lower),taa,
Tanana (Upper),tau,
Tlingit,tli,
Tolowa,tol,
Tsetsaut,txc,
Tutchone (Northern),ttm,
Tutchone (Southern),tce,
Tututni,tuu,
Wailaki,wlk,
Achumawi,acv,
Atsugewi,atw,
Klamath-Modoc,kla,
"Maidu, Northeast",nmu,
"Maidu, Northwest (Konkow)",mjd,
"Maidu, Valley",vmv,
Nisenan,nsz,
Nez Perce,nez,
Tenino,tqn,
Umatilla,uma,
Walla walla,waa,
Yakima,yak,
Kashaya,kju,
Pomo (Central),poo,
Pomo (Eastern),peb,
Pomo (Northeastern),pef,
Pomo (Northern),pej,
Pomo (Southeastern),pom,
Pomo (Southern),peq,
Salinan,sln,
Bella Coola,blc,
Chehalis (Lower),cea,
Chehalis (Upper),cjh,
Clallam,clm,
Coeur d'Alene,crd,
Columbia-Wenatchi,col,
Comox,coo,
Cowlitz,cow,
Halkomelem,hur,
Kalispel ~ Pend D'oreille,fla,
Lillooet,lil,
Lushootseed,lut,
Nooksack,nok,
Okanagan,oka,
Pentlatch,ptw,
Quinault,qun,
Salish (Southern Puget Sound),slh,
Salish (Straits) ~ Lummi,str,Canada
Sechelt,sec,
Shuswap,shs,
Skagit,ska,
Snohomish,sno,
Spokane,spo,
Squamish,squ,
Thompson,thp,
Tillamook,til,
Twana,twa,
Seri,sei,Mexico
Shasta,sht,USA
Assiniboine,asb,
Biloxi,bll,
Crow,cro,
Dakota,dak,
Hocak (Winnebago),win,
Kansa,ksk,
Lakhota,lkt,
Omaha,oma,
Osage,osa,
Stoney,sto,
Siuslaw (Lower Umpqua),sis,
Kalapuya,kyl,
Takelma,tkm,
Timucua,tjm,
Tonkawa,tqw,
Gitksan,git,
Nisgha,ncg,
Tsimshian (Coast),tsi,
Cahuilla,chl,USA
Comanche,com,USA
Cupeño,cup,USA
Kawaiisu,xaw,USA
Luiseño,lui,USA
Mono,mnr,USA
"Paiute, Northern",pao,USA
Panamint,par,USA
Serrano,ser,USA
Shoshone (Wind River),shh,USA
Tübatulabal,tub,USA
Ute-Southern Paiute,ute,USA
Haisla,has,
Heiltsuk,hei,
Kwakiutl (Kwakwala),kwk,
Makah,myh,
Nootka,noo,
Washo,was,
Patwin,wit,
Wintu,wit,
Yana,ynn,
Wikchamni,yok,
Yokuts,yok,
Wappo,wao,
Yuki,yuk,
Cochimi,coj,Mexico
Cocopa,coc,
Havasupai-Walapai-Yavapai,yuf,
Kiliwa,klb,
Kumiai ~ Diegueño,dih,
Maricopa,mrc,
Mojave,mov,
Paipai,ppi,
Quechan,yum,
Abishira ~ Awshiri,ash,Peru
(Kakauhua),kbf,Chile
Qawasqar,alc,Chile
Andoque,ano,Colombia
"Arára, Mato Grosso",axg,Brazil
Enawené-Nawé,unk,Brazil
Ignaciano,ign,Bolivia
Mashco Piro,cuj,Peru
Arua,aru,Brazil
Banawá,bnh,Brazil
Culina,cul,Brazil
Dení,dny,Brazil
Jamamadi,jaa,Brazil
Jarawara,jap,Brazil
Paumarí,pad,Brazil
Suruahá,swx,Brazil
Arutani ~ Awaké ~ Uruak,atx,Brazil
Betoi,No code,"Venezuela, Colombia"
Bora,boa,"Peru, Colombia, Brazil"
Muinane,bmr,Colombia
Cacua,cbv,Colombia
Nukak Makú,mbr,Colombia
Chayahuita,cbt,Peru
Jebero,jeb,Peru
Candoshi-Shapra,cbu,Peru
Canichana,caz,Bolivia
Akawaio,ake,"Guyana, Brazil, Venezuela"
Akurio,ako,Suriname
"Arára, Pará",aap,Brazil
Wai Wai,waw,"Brazil, Guyana"
Chaná,No code,"Argentina, Uruguay"
Charruan,No code,"Argentina, Uruguay"
Güenoa,No code,"Argentina, Uruguay"
"Kuna, San Blas",cuk,Panama
Haush,No code,Argentina
Ona ~ Selknam,ona,Argentina
Tehuelche ~ ?Gününa-Küne,teh,Argentina
Teushen,No code,Argentina
Chono,No code,Chile
Cofán,con,"Ecuador, Colombia"
Cuiba,cui,"Colombia, Venezuela"
Guahibo ~ Sikuani,guh,Colombia
Guayabero,guo,Colombia
Macaguán,mbn,Colombia
Playero,gob,Colombia
Kadiwéu,kbc,Brazil
Mocoví,moc,Argentina
Pilagá,plg,Argentina
Toba,tob,Argentina
Abipon,axb,Argentina
Guamo,No code,Venezuela
Gününa-Küne,No code,Argentina
Amarakaeri,amr,Peru
Huachipaeri,hug,Peru
Huitoto (Minica),hto,"Colombia, Peru"
Huitoto (Murui),huu,"Peru, Colombia, Brazil"
Huitoto (Nüpode),hux,Peru
Ocaina,oca,"Peru, Colombia"
Irántxe,irn,Brazil
Itonama,ito,Bolivia
Kanamarí,knm,Brazil
Katawixi,xat,Brazil
Katukína,kav,Brazil
Leco,lec,Bolivia
Lule,No code,Argentina
Vilela (?isolated),vil,Argentina
Borôro,bor,Brazil
Otuke,otu,Brazil
Umotína,umo,Brazil
Krenak ~ Aimoré,kqq,Brazil
Guató,gta,Brazil
Kaingang,kgp,Brazil
Kayapó,txu,Brazil
Xavánte,xav,Brazil
Kamakan,vkm,Brazil
Ofayé,opy,Brazil
Puri,prr,Brazil
Rikbaktsa,rkb,Brazil
Arikapú,ark,Brazil
Jabutí ~ Djeoromitxi,jbt,Brazil
Máku,No code,"Brazil, Venezuela"
Emok,emo,Paraguay
Guana,gva,Paraguay
Lengua,leg,Paraguay
Sanapaná,sap,Paraguay
Toba-Maskoy,tmf,Paraguay
"Chorote, Iyojwa'ja",crt,Argentina
"Chorote, Iyo'wujwa",crq,Argentina
Maca,mca,Paraguay
Nivaclé ~ Chulupí,cag,Paraguay
Wichí Lhamtés Güisnay,mzh,Argentina
Wichí Lhamtés Nocten,mtp,Bolivia
Wichí Lhamtés Vejoz,wlv,Argentina
Matanawí,No code,Brazil
Maxakalí,mbl,Brazil
Mískito,miq,Nicaragua
Movima,mzp,Bolivia
Pirahã,myp,Brazil
Dâw,kwa,Brazil
Hupdë,jup,Brazil
Nadëb,mbj,Brazil
Yuhup,yab,Brazil
Nambikwara (Northern),mbg,Brazil
Nambikwara (Southern),nab,Brazil
Sabanês,sae,Brazil
Omurano,omu,Peru
Oti,oti,Brazil
Araona,aro,Bolivia
Cavineña,cav,Bolivia
Ese Ejja,ese,Bolivia
Reyesano,rey,Bolivia
Tacana,tna,Bolivia
Toromono,tno,Bolivia
Yagua,yad,Peru
Yameo,yme,Peru
Puelche,pue,Argentina
Pumé ~ Yaruro,yae,Venezuela
Sapé ~ Kaliana,spc,Venezuela
Takame ~ Ermeralda,No code,Ecudaor
Taushiro,trr,Peru
Trumaí,tpy,Brazil
Tubarão ~ Aikanã,tba,Brazil
Aché ~ Guayaki,guq,Paraguay
Guajá,gvj,Brazil
"Guaraní, Mbyá",gun,Brazil
Mondé,mnd,Brazil
Mundurukú,myu,Brazil
Puruborá,pur,Brazil
Sirionó,srq,"Bolivia, Brazil"
Tupi,"tpw, tpn",Brazil
Xetá,xet,Brazil
Yuqui,yuq,Bolivia
Waorani,auc,Ecudaor
Warao,wba,Venezuela
Xukurú,xoo,Brazil
Yámana ~ Yahgan,yag,Chile
Ninam ~ Shiriana,shb,Brazil
Sanuma,xsu,Venezuela
Yanomámi,wca,Brazil
Yanomamö,guu,Venezuela
Yuwana ~ Waruwaru ~ Joti,yau,Venezuela
Ayoreo,ayo,Paraguay
Chamacoco,ceg,Paraguay
Andoa,anb,Peru
Arabela,arl,Peru
Aushiri,avs,Peru
Cahuarano,cah,Peru
Iquito,iqu,Peru
Zaparo,zro,Ecudaor